{"boughtItems":[{"itemId":"c5c976b3ae28d41b91daf4b5b08f636dd44330b20b0affdf56f5dfa2fea47a60","coinMarketName":"KRW-XRP","avgBuyPrice":575,"executedVolume":59.89561739,"profitTargetPrice":603.75,"lossTargetPrice":546.25},{"itemId":"25c2f43058a4b156b0d90f351c13522e8c8306d335623e0186b94fe5722bbccf","coinMarketName":"KRW-MASK","avgBuyPrice":8446.6667,"executedVolume":2.99820828,"profitTargetPrice":8869,"lossTargetPrice":8024.3333}]}