{"boughtItems":[{"itemId":"f4ad0b92c318c4766cd5787a1d1c5080fb9fbbd5372362f2cc721d1e2a5a5bb0","coinMarketName":"KRW-MASK","avgBuyPrice":7728.3175,"executedVolume":3.00065305,"profitTargetPrice":7805.6007,"lossTargetPrice":0},{"itemId":"24ceddc177e099626f6176d2c06dd2201ce32ce1bb1cd8a41d7e854c67973044","coinMarketName":"KRW-XRP","avgBuyPrice":578.6667,"executedVolume":29.94812883,"profitTargetPrice":0,"lossTargetPrice":572.88}]}